Mark,Description,InitStatus,PerturbationResistant,Area
1,,,0,area1
2,isolation_A,1,1,area1
3,isolation_A,1,1,area1
4,,,1,area1
5,,,1,area1
6,,,0,area4
7,,,0,area4
8,,,0,area4
9,,,0,area3
15,,,0,area3
16,,,0,area3
17,,,0,area3
10,,,0,area3
11,,,0,area2
19,,,0,area2
12,,,0,area2
13,,,0,area2
14,,,0,area2
18,,,0,area2
